ListSchema={"schemaXmlList":["<Field ID=\"{fa564e0f-0c70-4ab9-b863-0177e6ddd247}\" Type=\"Text\" Name=\"Title\" DisplayName=\"ItemTitle_Text\" Required=\"FALSE\" SourceID=\"http://schemas.microsoft.com/sharepoint/v3\" StaticName=\"Title\" FromBaseType=\"TRUE\" MaxLength=\"255\" CustomFormatter=\"\" EnforceUniqueValues=\"FALSE\" Indexed=\"FALSE\" />","<Field ID=\"{d1e52821-2e02-4c3b-9552-d2d18236675c}\" DisplayName=\"Packet_RoutingStarted_DateTime\" Name=\"field_1\" StaticName=\"field_1\" Type=\"DateTime\" CustomFormatter=\"\" Required=\"FALSE\" EnforceUniqueValues=\"FALSE\" Indexed=\"FALSE\" CalType=\"0\" Format=\"DateTime\" FriendlyDisplayFormat=\"Disabled\" />","<Field ID=\"{b33c1b86-bb88-4759-8370-217ee454c5a9}\" DisplayName=\"Packet_Submitted_DateTime\" Name=\"field_2\" StaticName=\"field_2\" Type=\"DateTime\" CustomFormatter=\"\" Required=\"FALSE\" EnforceUniqueValues=\"FALSE\" Indexed=\"FALSE\" CalType=\"0\" Format=\"DateTime\" FriendlyDisplayFormat=\"Disabled\" />","<Field Type=\"Text\" DisplayName=\"Submitter_Email_Text\" Name=\"field_3\" ID=\"{04adc8e8-cbba-4132-82fd-3717b250a15e}\" StaticName=\"field_3\" CustomFormatter=\"\" Required=\"FALSE\" EnforceUniqueValues=\"FALSE\" Indexed=\"FALSE\" MaxLength=\"255\" />","<Field Type=\"Text\" DisplayName=\"Submitter_NameEmail_Text\" Name=\"field_4\" ID=\"{953de88b-0fbb-4c27-9992-6dae69174423}\" StaticName=\"field_4\" CustomFormatter=\"\" Required=\"FALSE\" EnforceUniqueValues=\"FALSE\" Indexed=\"FALSE\" MaxLength=\"255\" />","<Field Type=\"Text\" DisplayName=\"Nominee_NameEmail_Text\" Name=\"field_5\" ID=\"{ed949123-7f90-47a1-b6a8-11b95beea94b}\" StaticName=\"field_5\" CustomFormatter=\"\" Required=\"FALSE\" EnforceUniqueValues=\"FALSE\" Indexed=\"FALSE\" MaxLength=\"255\" />","<Field Name=\"field_6\" FromBaseType=\"FALSE\" Type=\"Note\" DisplayName=\"Packet_EventLocation_Text\" Required=\"FALSE\" EnforceUniqueValues=\"FALSE\" Indexed=\"FALSE\" NumLines=\"12\" RichText=\"FALSE\" RichTextMode=\"Compatible\" IsolateStyles=\"FALSE\" AppendOnly=\"FALSE\" Sortable=\"FALSE\" ID=\"{242ba58c-ba9c-446c-bfd6-e4d8b5b689b8}\" StaticName=\"field_6\" CustomFormatter=\"\" RestrictedMode=\"TRUE\" />","<Field ID=\"{4ee771c6-deab-46f1-a812-d281a5d2a325}\" DisplayName=\"Packet_Event_DateTime\" Name=\"field_7\" StaticName=\"field_7\" Type=\"DateTime\" CustomFormatter=\"\" Required=\"FALSE\" EnforceUniqueValues=\"FALSE\" Indexed=\"FALSE\" CalType=\"0\" Format=\"DateTime\" FriendlyDisplayFormat=\"Disabled\" />","<Field Name=\"field_8\" FromBaseType=\"FALSE\" Type=\"Text\" DisplayName=\"Packet_IntegrityBoolean_Text\" Required=\"FALSE\" EnforceUniqueValues=\"FALSE\" Indexed=\"FALSE\" MaxLength=\"255\" ID=\"{0708c07a-ae50-43ab-8089-9099fec1f1c8}\" StaticName=\"field_8\"><Default>NO</Default></Field>","<Field Name=\"field_9\" FromBaseType=\"FALSE\" Type=\"Note\" DisplayName=\"Packet_IntegrityComments_Text\" Required=\"FALSE\" EnforceUniqueValues=\"FALSE\" Indexed=\"FALSE\" NumLines=\"64\" RichText=\"FALSE\" RichTextMode=\"Compatible\" IsolateStyles=\"FALSE\" AppendOnly=\"FALSE\" Sortable=\"FALSE\" ID=\"{a34f19d7-d45d-4383-9373-3de57c921f80}\" StaticName=\"field_9\" CustomFormatter=\"\" RestrictedMode=\"TRUE\" />","<Field Name=\"field_10\" FromBaseType=\"FALSE\" Type=\"Text\" DisplayName=\"Packet_CommitmentBoolean_Text\" Required=\"FALSE\" EnforceUniqueValues=\"FALSE\" Indexed=\"FALSE\" MaxLength=\"255\" ID=\"{f1bab2db-c472-43db-bf93-7379044df60d}\" StaticName=\"field_10\" CustomFormatter=\"\"><Default>NO</Default></Field>","<Field Name=\"field_11\" FromBaseType=\"FALSE\" Type=\"Note\" DisplayName=\"Packet_CommitmentComments_Text\" Required=\"FALSE\" EnforceUniqueValues=\"FALSE\" Indexed=\"FALSE\" NumLines=\"64\" RichText=\"FALSE\" RichTextMode=\"Compatible\" IsolateStyles=\"FALSE\" Sortable=\"FALSE\" ID=\"{60bdc974-a36c-484e-9915-e53ca98fd21f}\" StaticName=\"field_11\" CustomFormatter=\"\" RestrictedMode=\"TRUE\" AppendOnly=\"FALSE\" />","<Field Name=\"field_12\" FromBaseType=\"FALSE\" Type=\"Text\" DisplayName=\"Packet_AdvocacyBoolean_Text\" Required=\"FALSE\" EnforceUniqueValues=\"FALSE\" Indexed=\"FALSE\" MaxLength=\"255\" ID=\"{d33b772a-3a0c-4416-ada5-1fac9955a2c7}\" StaticName=\"field_12\"><Default>NO</Default></Field>","<Field Name=\"field_13\" FromBaseType=\"FALSE\" Type=\"Note\" DisplayName=\"Packet_AdvocacyComments_Text\" Required=\"FALSE\" EnforceUniqueValues=\"FALSE\" Indexed=\"FALSE\" NumLines=\"64\" RichText=\"FALSE\" RichTextMode=\"Compatible\" IsolateStyles=\"FALSE\" Sortable=\"FALSE\" ID=\"{0772653a-d909-4658-a87f-b9ac60d3d89b}\" StaticName=\"field_13\" CustomFormatter=\"\" RestrictedMode=\"TRUE\" AppendOnly=\"FALSE\" />","<Field Name=\"field_14\" FromBaseType=\"FALSE\" Type=\"Text\" DisplayName=\"Packet_RespectBoolean_Text\" Required=\"FALSE\" EnforceUniqueValues=\"FALSE\" Indexed=\"FALSE\" MaxLength=\"255\" ID=\"{b7f9e78d-472f-4888-aff0-db2a267286c8}\" StaticName=\"field_14\"><Default>NO</Default></Field>","<Field Name=\"field_15\" FromBaseType=\"FALSE\" Type=\"Note\" DisplayName=\"Packet_RespectComments_Text\" Required=\"FALSE\" EnforceUniqueValues=\"FALSE\" Indexed=\"FALSE\" NumLines=\"64\" RichText=\"FALSE\" RichTextMode=\"Compatible\" IsolateStyles=\"FALSE\" Sortable=\"FALSE\" ID=\"{0eb1ccf1-2313-4c4f-bf02-e23df62699d2}\" StaticName=\"field_15\" CustomFormatter=\"\" RestrictedMode=\"TRUE\" AppendOnly=\"FALSE\" />","<Field Name=\"field_16\" FromBaseType=\"FALSE\" Type=\"Text\" DisplayName=\"Packet_ExcellenceBoolean_Text\" Required=\"FALSE\" EnforceUniqueValues=\"FALSE\" Indexed=\"FALSE\" MaxLength=\"255\" ID=\"{931ea84d-9b53-47e8-be6f-761e33cb8e1a}\" StaticName=\"field_16\"><Default>NO</Default></Field>","<Field Name=\"field_17\" FromBaseType=\"FALSE\" Type=\"Note\" DisplayName=\"Packet_ExcellenceComments_Text\" Required=\"FALSE\" EnforceUniqueValues=\"FALSE\" Indexed=\"FALSE\" NumLines=\"64\" RichText=\"FALSE\" RichTextMode=\"Compatible\" IsolateStyles=\"FALSE\" Sortable=\"FALSE\" ID=\"{a8e99b52-0072-4189-b4b8-4be8b4da38b8}\" StaticName=\"field_17\" CustomFormatter=\"\" RestrictedMode=\"TRUE\" AppendOnly=\"FALSE\" />","<Field Name=\"field_18\" FromBaseType=\"FALSE\" Type=\"Note\" DisplayName=\"Packet_AdditionalCommentsBoolean_Text\" Required=\"FALSE\" EnforceUniqueValues=\"FALSE\" Indexed=\"FALSE\" NumLines=\"12\" RichText=\"TRUE\" RichTextMode=\"FullHtml\" IsolateStyles=\"TRUE\" Sortable=\"FALSE\" ID=\"{687f188a-dd8d-4eb5-90c7-3be426dcf47a}\" StaticName=\"field_18\" />","<Field Name=\"field_19\" FromBaseType=\"FALSE\" Type=\"Note\" DisplayName=\"Packet_AdditionalComments_Text\" Required=\"FALSE\" EnforceUniqueValues=\"FALSE\" Indexed=\"FALSE\" NumLines=\"128\" RichText=\"FALSE\" RichTextMode=\"Compatible\" IsolateStyles=\"FALSE\" Sortable=\"FALSE\" ID=\"{fc497d65-f3cf-4320-9f32-22f78b982514}\" StaticName=\"field_19\" CustomFormatter=\"\" RestrictedMode=\"TRUE\" AppendOnly=\"FALSE\" />","<Field Type=\"UserMulti\" DisplayName=\"Nominee_Name_Person\" List=\"UserInfo\" Required=\"FALSE\" EnforceUniqueValues=\"FALSE\" ShowField=\"ImnName\" UserSelectionMode=\"PeopleOnly\" UserSelectionScope=\"0\" Mult=\"TRUE\" Sortable=\"FALSE\" ID=\"{7dbd3183-8d5b-4a3e-bd7e-a286077f2ecd}\" StaticName=\"Starfish_Person\" Name=\"Starfish_Person\" Group=\"\" Hidden=\"FALSE\" Customization=\"\" ReadOnly=\"FALSE\" PITarget=\"\" PrimaryPITarget=\"\" PIAttribute=\"\" PrimaryPIAttribute=\"\" Aggregation=\"\" Node=\"\" />","<Field Type=\"User\" DisplayName=\"Submitter_Email_Person\" List=\"UserInfo\" Required=\"FALSE\" EnforceUniqueValues=\"FALSE\" ShowField=\"EMail\" UserSelectionMode=\"PeopleOnly\" UserSelectionScope=\"0\" ID=\"{63415aaf-b31e-4ec5-82c8-bd34d345c08a}\" StaticName=\"Person_Submitter\" Name=\"Person_Submitter\" Group=\"\" Hidden=\"FALSE\" ReadOnly=\"FALSE\" PITarget=\"\" PrimaryPITarget=\"\" PIAttribute=\"\" PrimaryPIAttribute=\"\" Aggregation=\"\" Node=\"\" />","<Field DisplayName=\"Nominee_SupervisorEmail_Text\" Format=\"Dropdown\" IsModern=\"TRUE\" MaxLength=\"255\" Name=\"Nominee_Supervisor_Email\" Title=\"Nominee_Supervisor_Email\" Type=\"Text\" ID=\"{d250899d-279f-456c-bc05-cfbbcc531d36}\" StaticName=\"Nominee_Supervisor_Email\" CustomFormatter=\"\" Required=\"FALSE\" EnforceUniqueValues=\"FALSE\" Indexed=\"FALSE\" />","<Field Name=\"ApprovalStatus\" FromBaseType=\"FALSE\" Type=\"Text\" DisplayName=\"ApprovalStage_Status_Text\" Required=\"FALSE\" EnforceUniqueValues=\"FALSE\" Indexed=\"FALSE\" MaxLength=\"255\" ID=\"{4927d066-5d78-4e22-a2aa-ea01e3d3cff6}\" StaticName=\"ApprovalStatus\" />","<Field Name=\"Approval_AssignedTo\" FromBaseType=\"FALSE\" Type=\"Note\" DisplayName=\"ApprovalStage_AwaitingActionFrom\" Required=\"FALSE\" EnforceUniqueValues=\"FALSE\" Indexed=\"FALSE\" NumLines=\"12\" RichText=\"FALSE\" Sortable=\"FALSE\" ID=\"{cf794304-2d58-48f8-a909-3c465b355844}\" StaticName=\"Approval_AssignedTo\" />","<Field Type=\"Text\" DisplayName=\"ApprovalStage_ActionTakenBy_Text\" Required=\"FALSE\" EnforceUniqueValues=\"FALSE\" Indexed=\"FALSE\" MaxLength=\"255\" ID=\"{cfce2ee8-ced8-4d96-9d13-1bef24a4a0e3}\" StaticName=\"Approval_ActionBy\" Name=\"Approval_ActionBy\" CustomFormatter=\"\" />","<Field Name=\"Approval_ActionComments\" FromBaseType=\"FALSE\" Type=\"Note\" DisplayName=\"ApprovalStage_Comments_Text\" Required=\"FALSE\" EnforceUniqueValues=\"FALSE\" Indexed=\"FALSE\" NumLines=\"24\" RichText=\"TRUE\" RichTextMode=\"FullHtml\" IsolateStyles=\"TRUE\" AppendOnly=\"FALSE\" Sortable=\"FALSE\" ID=\"{d1444e25-8368-432f-bdde-3f32f01fe272}\" StaticName=\"Approval_ActionComments\" CustomFormatter=\"\" RestrictedMode=\"TRUE\" />","<Field DisplayName=\"Packet_NursingBoolean_Text\" Format=\"Dropdown\" IsModern=\"TRUE\" MaxLength=\"255\" Name=\"NursingBoolean\" Title=\"NursingBoolean\" Type=\"Text\" ID=\"{83f2509f-abcf-4af1-803d-5c441e080e0a}\" StaticName=\"NursingBoolean\" CustomFormatter=\"\" Required=\"FALSE\" EnforceUniqueValues=\"FALSE\" Indexed=\"FALSE\"><Default>Unsure</Default></Field>","<Field ClientSideComponentId=\"00000000-0000-0000-0000-000000000000\" DisplayName=\"Packet_SafetyBoolean_Text\" Format=\"Dropdown\" MaxLength=\"255\" Name=\"SafetyBoolean\" Title=\"SafetyBoolean\" Type=\"Text\" ID=\"{73fca7a8-e282-475c-9a92-52c5bd5095f1}\" StaticName=\"SafetyBoolean\" CustomFormatter=\"\" Required=\"FALSE\" EnforceUniqueValues=\"FALSE\" Indexed=\"FALSE\"><Default>Unsure</Default></Field>","<Field Name=\"Choice_HROPrinciple\" FromBaseType=\"FALSE\" Type=\"Note\" DisplayName=\"Packet_HROPrinciple_Text\" Required=\"FALSE\" EnforceUniqueValues=\"FALSE\" Indexed=\"FALSE\" NumLines=\"6\" RichText=\"FALSE\" AppendOnly=\"FALSE\" Sortable=\"FALSE\" ID=\"{52446bd7-e683-4071-b270-cefe125256ee}\" StaticName=\"Choice_HROPrinciple\" CustomFormatter=\"\" RestrictedMode=\"TRUE\" RichTextMode=\"Compatible\" IsolateStyles=\"FALSE\" />","<Field Name=\"Triage_AssignedTo\" FromBaseType=\"FALSE\" Type=\"Text\" DisplayName=\"TriageStage_AwaitingActionFrom\" Required=\"FALSE\" EnforceUniqueValues=\"FALSE\" Indexed=\"FALSE\" MaxLength=\"255\" ID=\"{67324bb6-602d-4f73-82d7-ef1710a7b690}\" StaticName=\"Triage_AssignedTo\" />","<Field Type=\"Text\" DisplayName=\"TriageStage_ActionTakenBy_Text\" Required=\"FALSE\" EnforceUniqueValues=\"FALSE\" Indexed=\"FALSE\" MaxLength=\"255\" ID=\"{bd6021ee-4976-4ef8-bab4-fdfcb7fd0fb6}\" StaticName=\"Triage_ActionBy\" Name=\"Triage_ActionBy\" CustomFormatter=\"\" />","<Field Name=\"Triage_ActionComments\" FromBaseType=\"FALSE\" Type=\"Note\" DisplayName=\"TriageStage_Comments_Text\" Required=\"FALSE\" EnforceUniqueValues=\"FALSE\" Indexed=\"FALSE\" NumLines=\"6\" RichText=\"FALSE\" RichTextMode=\"Compatible\" IsolateStyles=\"FALSE\" AppendOnly=\"FALSE\" Sortable=\"FALSE\" ID=\"{ed9dc649-646b-41d8-a140-8b8d0e5ea556}\" StaticName=\"Triage_ActionComments\" CustomFormatter=\"\" RestrictedMode=\"TRUE\" />","<Field Name=\"Triage_Status\" FromBaseType=\"FALSE\" Type=\"Text\" DisplayName=\"TriageStage_Status_Text\" Required=\"FALSE\" EnforceUniqueValues=\"FALSE\" Indexed=\"FALSE\" MaxLength=\"255\" ID=\"{52eaf343-a38c-4d15-b75d-67bd667f1261}\" StaticName=\"Triage_Status\" />","<Field Name=\"Approval_StatusText\" FromBaseType=\"FALSE\" Type=\"Text\" DisplayName=\"Packet_CurrentStatus\" Required=\"FALSE\" EnforceUniqueValues=\"FALSE\" Indexed=\"FALSE\" MaxLength=\"255\" ID=\"{43f0db19-666c-41fb-8437-65dc53078140}\" StaticName=\"Approval_StatusText\" />","<Field ClientSideComponentId=\"00000000-0000-0000-0000-000000000000\" DisplayName=\"Packet_AwardType_Text\" Format=\"Dropdown\" MaxLength=\"255\" Name=\"Text_AwardType\" Title=\"Packet_AwardType_Text\" Type=\"Text\" ID=\"{edb3f728-4faf-4e65-a57e-a554e556fe24}\" StaticName=\"Text_AwardType\"><Default>None provided</Default></Field>","<Field DisplayName=\"TriageStage_Completed_DateTime\" FriendlyDisplayFormat=\"Disabled\" Format=\"DateTime\" IsModern=\"TRUE\" Name=\"Triage_CompletedDateTime\" Title=\"Triage_CompletedDateTime\" Type=\"DateTime\" ID=\"{2d010910-b83b-4869-ac06-ddf692ba6174}\" StaticName=\"Triage_CompletedDateTime\" CustomFormatter=\"\" Required=\"FALSE\" EnforceUniqueValues=\"FALSE\" Indexed=\"FALSE\" CalType=\"0\" />","<Field DisplayName=\"ApprovalStage_Completed_DateTime\" FriendlyDisplayFormat=\"Disabled\" Format=\"DateTime\" IsModern=\"TRUE\" Name=\"Approval_CompletedDateTime\" Title=\"Approval_CompletedDateTime\" Type=\"DateTime\" ID=\"{d0d68b7e-3e97-4105-a69d-cff0e8648dd6}\" StaticName=\"Approval_CompletedDateTime\" CustomFormatter=\"\" Required=\"FALSE\" EnforceUniqueValues=\"FALSE\" Indexed=\"FALSE\" CalType=\"0\" />","<Field ID=\"{28cf69c5-fa48-462a-b5cd-27b6f9d2bd5f}\" ReadOnly=\"TRUE\" Type=\"DateTime\" Name=\"Modified\" DisplayName=\"ItemModifiedLast_DateTime\" StorageTZ=\"TRUE\" SourceID=\"http://schemas.microsoft.com/sharepoint/v3\" StaticName=\"Modified\" FromBaseType=\"TRUE\" Required=\"FALSE\" Group=\"\" FriendlyDisplayFormat=\"Disabled\" />","<Field ID=\"{d31655d1-1d5b-4511-95a1-7a09e9b75bf2}\" ReadOnly=\"TRUE\" Type=\"User\" List=\"UserInfo\" Name=\"Editor\" DisplayName=\"ItemModifiedLast_ByPerson\" SourceID=\"http://schemas.microsoft.com/sharepoint/v3\" StaticName=\"Editor\" FromBaseType=\"TRUE\" Required=\"FALSE\" Group=\"\" ShowField=\"ImnName\" />","<Field ID=\"{1df5e554-ec7e-46a6-901d-d85a3881cb18}\" ReadOnly=\"TRUE\" Type=\"User\" List=\"UserInfo\" Name=\"Author\" DisplayName=\"ItemCreated_ByPerson\" SourceID=\"http://schemas.microsoft.com/sharepoint/v3\" StaticName=\"Author\" FromBaseType=\"TRUE\" Required=\"FALSE\" Group=\"\" ShowField=\"ImnName\" />","<Field ID=\"{8c06beca-0777-48f7-91c7-6da68bc07b69}\" ReadOnly=\"TRUE\" Type=\"DateTime\" Name=\"Created\" DisplayName=\"ItemCreated_DateTime\" StorageTZ=\"TRUE\" SourceID=\"http://schemas.microsoft.com/sharepoint/v3\" StaticName=\"Created\" FromBaseType=\"TRUE\" Required=\"FALSE\" Group=\"\" FriendlyDisplayFormat=\"Disabled\" />","<Field Type=\"Note\" DisplayName=\"Packet_HinesHero_Details_Text\" Required=\"FALSE\" EnforceUniqueValues=\"FALSE\" Indexed=\"FALSE\" NumLines=\"999\" RichText=\"FALSE\" Sortable=\"FALSE\" ID=\"{41e60503-8ec9-4e7b-bab2-df5edbbad93d}\" StaticName=\"Packet_HinesHero_Text\" Name=\"Packet_HinesHero_Text\" CustomFormatter=\"\" RestrictedMode=\"TRUE\" RichTextMode=\"Compatible\" IsolateStyles=\"FALSE\" AppendOnly=\"FALSE\" />","<Field Type=\"Note\" DisplayName=\"Packet_HinesHero_Summary_Text\" Required=\"FALSE\" EnforceUniqueValues=\"FALSE\" Indexed=\"FALSE\" NumLines=\"255\" RichText=\"FALSE\" Sortable=\"FALSE\" ID=\"{d98f5e70-5254-4a91-a25a-53fb710e277c}\" StaticName=\"Packet_HinesHero_Summary_Text\" Name=\"Packet_HinesHero_Summary_Text\" />","<Field Type=\"Note\" DisplayName=\"Packet_HRO_Context_Text\" Required=\"FALSE\" EnforceUniqueValues=\"FALSE\" Indexed=\"FALSE\" NumLines=\"255\" RichText=\"FALSE\" RichTextMode=\"Compatible\" IsolateStyles=\"FALSE\" Sortable=\"FALSE\" ID=\"{d345149e-dac6-42ee-9d12-2117b82de089}\" StaticName=\"Packet_GreatCatch_Context_Text\" Name=\"Packet_GreatCatch_Context_Text\" CustomFormatter=\"\" RestrictedMode=\"TRUE\" AppendOnly=\"FALSE\" />","<Field Type=\"Note\" DisplayName=\"Packet_HRO_Actions_Text\" Required=\"FALSE\" EnforceUniqueValues=\"FALSE\" Indexed=\"FALSE\" NumLines=\"255\" RichText=\"FALSE\" Sortable=\"FALSE\" ID=\"{a943e4ce-4929-4641-affe-778c3fe5efb2}\" StaticName=\"Packet_GreatCatch_Actions_Text\" Name=\"Packet_GreatCatch_Actions_Text\" CustomFormatter=\"\" RestrictedMode=\"TRUE\" RichTextMode=\"Compatible\" IsolateStyles=\"FALSE\" AppendOnly=\"FALSE\" />","<Field Type=\"Note\" DisplayName=\"Packet_HRO_Results_Text\" Required=\"FALSE\" EnforceUniqueValues=\"FALSE\" Indexed=\"FALSE\" NumLines=\"255\" RichText=\"FALSE\" Sortable=\"FALSE\" ID=\"{f6dba24a-bcac-4274-a02f-e98af48ea132}\" StaticName=\"Packet_GreatCatch_Results_Text\" Name=\"Packet_GreatCatch_Results_Text\" CustomFormatter=\"\" RestrictedMode=\"TRUE\" RichTextMode=\"Compatible\" IsolateStyles=\"FALSE\" AppendOnly=\"FALSE\" />","<Field Type=\"Text\" DisplayName=\"Packet_HRO_ClinicalOrNonclinical_Text\" Required=\"FALSE\" EnforceUniqueValues=\"FALSE\" Indexed=\"FALSE\" MaxLength=\"255\" ID=\"{9feda01b-a4a1-4bbe-a71b-72a562ca9132}\" StaticName=\"Packet_GreatCatch_ClinicalOrNonc\" Name=\"Packet_GreatCatch_ClinicalOrNonc\" CustomFormatter=\"\" />","<Field Type=\"Text\" DisplayName=\"Nominee_ServiceLineOrTeam_Text\" Required=\"FALSE\" EnforceUniqueValues=\"FALSE\" Indexed=\"FALSE\" MaxLength=\"255\" ID=\"{2d75bd4b-6dc0-4aeb-890f-b6f2e8cac94a}\" StaticName=\"Nominee_ServiceLineOrTeam_Text\" Name=\"Nominee_ServiceLineOrTeam_Text\" />","<Field Type=\"Text\" DisplayName=\"Packet_HinesHero_NomineePhoto_Text\" Required=\"FALSE\" EnforceUniqueValues=\"FALSE\" Indexed=\"FALSE\" MaxLength=\"255\" ID=\"{0f1d1c9d-425d-470c-a1c0-fe62d503c9cd}\" StaticName=\"Packet_HinesHero_NomineePhoto_Te\" Name=\"Packet_HinesHero_NomineePhoto_Te\" />","<Field Type=\"Thumbnail\" DisplayName=\"Packet_HinesHero_NomineePhoto_Image\" Required=\"FALSE\" EnforceUniqueValues=\"FALSE\" Indexed=\"FALSE\" ID=\"{9cd2d446-388f-415c-b12b-93101c0c9310}\" StaticName=\"Packet_HinesHero_NomineePhoto_Im\" Name=\"Packet_HinesHero_NomineePhoto_Im\" />","<Field DisplayName=\"Flow_PromptedChatbot_SafetyCheck\" Format=\"Dropdown\" IsModern=\"TRUE\" MaxLength=\"255\" Name=\"Flow_PromptedChatbot_SafetyCheck\" Title=\"Flow_PromptedChatbot_SafetyCheck\" Type=\"Text\" ID=\"{2323b75d-2aab-41b7-abf9-07e79d95c0bb}\" StaticName=\"Flow_PromptedChatbot_SafetyCheck\" />","<Field ID=\"{bc91a437-52e7-49e1-8c4e-4698904b2b6d}\" ReadOnly=\"TRUE\" Type=\"Computed\" Name=\"LinkTitleNoMenu\" DisplayName=\"ItemTitle_Text\" Dir=\"\" DisplayNameSrcField=\"Title\" AuthoringInfo=\"(linked to item)\" EnableLookup=\"TRUE\" ListItemMenuAllowed=\"Prohibited\" LinkToItemAllowed=\"Prohibited\" SourceID=\"http://schemas.microsoft.com/sharepoint/v3\" StaticName=\"LinkTitleNoMenu\" FromBaseType=\"TRUE\"><FieldRefs><FieldRef Name=\"Title\" /><FieldRef Name=\"LinkFilenameNoMenu\" /></FieldRefs><DisplayPattern><IfEqual><Expr1><LookupColumn Name=\"FSObjType\" /></Expr1><Expr2>1</Expr2><Then><Field Name=\"LinkFilenameNoMenu\" /></Then><Else><HTML><![CDATA[<a onfocus=\"OnLink(this)\" href=\"]]></HTML><URL /><HTML><![CDATA[\" onclick=\"EditLink2(this,]]></HTML><Counter Type=\"View\" /><HTML><![CDATA[);return false;\" target=\"_self\">]]></HTML><Column HTMLEncode=\"TRUE\" Name=\"Title\" Default=\"(no title)\" /><IfEqual><Expr1><GetVar Name=\"ShowAccessibleIcon\" /></Expr1><Expr2>1</Expr2><Then><HTML><![CDATA[<img src=\"/_layouts/15/images/blank.gif?rev=47\" class=\"ms-hidden\" border=\"0\" width=\"1\" height=\"1\" alt=\"Use SHIFT+ENTER to open the menu (new window).\"/>]]></HTML></Then></IfEqual><HTML><![CDATA[</a>]]></HTML><IfNew><HTML><![CDATA[<img src=\"/_layouts/1033/images/new.gif\" alt=\"]]></HTML><HTML>New</HTML><HTML><![CDATA[\" class=\"ms-newgif\" />]]></HTML></IfNew></Else></IfEqual></DisplayPattern></Field>","<Field ID=\"{82642ec8-ef9b-478f-acf9-31f7d45fbc31}\" ReadOnly=\"TRUE\" Type=\"Computed\" Name=\"LinkTitle\" DisplayName=\"ItemTitle_Text\" DisplayNameSrcField=\"Title\" ClassInfo=\"Menu\" AuthoringInfo=\"(linked to item with edit menu)\" ListItemMenuAllowed=\"Required\" LinkToItemAllowed=\"Prohibited\" SourceID=\"http://schemas.microsoft.com/sharepoint/v3\" StaticName=\"LinkTitle\" FromBaseType=\"TRUE\"><FieldRefs><FieldRef Name=\"Title\" /><FieldRef Name=\"LinkTitleNoMenu\" /><FieldRef Name=\"_EditMenuTableStart2\" /><FieldRef Name=\"_EditMenuTableEnd\" /></FieldRefs><DisplayPattern><FieldSwitch><Expr><GetVar Name=\"FreeForm\" /></Expr><Case Value=\"TRUE\"><Field Name=\"LinkTitleNoMenu\" /></Case><Default><HTML><![CDATA[<div class=\"ms-vb itx\" onmouseover=\"OnItem(this)\" CTXName=\"ctx]]></HTML><Field Name=\"_EditMenuTableStart2\" /><HTML><![CDATA[\">]]></HTML><Field Name=\"LinkTitleNoMenu\" /><HTML><![CDATA[</div>]]></HTML><HTML><![CDATA[<div class=\"s4-ctx\" onmouseover=\"OnChildItem(this.parentNode); return false;\">]]></HTML><HTML><![CDATA[<span>&nbsp;</span>]]></HTML><HTML><![CDATA[<a onfocus=\"OnChildItem(this.parentNode.parentNode); return false;\" onclick=\"PopMenuFromChevron(event); return false;\" href=\"javascript:;\" title=\"Open Menu\"></a>]]></HTML><HTML><![CDATA[<span>&nbsp;</span>]]></HTML><HTML><![CDATA[</div>]]></HTML></Default></FieldSwitch></DisplayPattern></Field>","<Field ID=\"{5f190d91-3dbc-4489-9878-3c092caf35b6}\" Hidden=\"TRUE\" ReadOnly=\"TRUE\" Type=\"Computed\" Name=\"LinkTitle2\" DisplayName=\"ItemTitle_Text\" DisplayNameSrcField=\"Title\" ClassInfo=\"Menu\" AuthoringInfo=\"(linked to item with edit menu) (old)\" SourceID=\"http://schemas.microsoft.com/sharepoint/v3\" StaticName=\"LinkTitle2\" FromBaseType=\"TRUE\"><FieldRefs><FieldRef Name=\"Title\" /><FieldRef Name=\"LinkTitleNoMenu\" /><FieldRef Name=\"_EditMenuTableStart\" /><FieldRef Name=\"_EditMenuTableEnd\" /></FieldRefs><DisplayPattern><FieldSwitch><Expr><GetVar Name=\"FreeForm\" /></Expr><Case Value=\"TRUE\"><Field Name=\"LinkTitleNoMenu\" /></Case><Default><Field Name=\"_EditMenuTableStart\" /><SetVar Name=\"ShowAccessibleIcon\" Value=\"1\" /><Field Name=\"LinkTitleNoMenu\" /><SetVar Name=\"ShowAccessibleIcon\" Value=\"0\" /><Field Name=\"_EditMenuTableEnd\" /></Default></FieldSwitch></DisplayPattern></Field>"]}
"Packet_Submitted_DateTime","ItemCreated_ByPerson","Packet_CurrentStatus","Packet_AwardType_Text","TriageStage_Status_Text","TriageStage_Comments_Text","TriageStage_AwaitingActionFrom","TriageStage_ActionTakenBy_Text","TriageStage_Completed_DateTime","ApprovalStage_Status_Text","ApprovalStage_Comments_Text","ApprovalStage_AwaitingActionFrom","ApprovalStage_ActionTakenBy_Text","ApprovalStage_Completed_DateTime","Packet_EventLocation_Text","Packet_Event_DateTime","Packet_IntegrityBoolean_Text","Packet_IntegrityComments_Text","Packet_CommitmentBoolean_Text","Packet_CommitmentComments_Text","Packet_AdvocacyBoolean_Text","Packet_AdvocacyComments_Text","Packet_RespectBoolean_Text","Packet_RespectComments_Text","Packet_ExcellenceBoolean_Text","Packet_ExcellenceComments_Text","Packet_AdditionalCommentsBoolean_Text","Packet_AdditionalComments_Text","Packet_NursingBoolean_Text","Packet_SafetyBoolean_Text","Flow_PromptedChatbot_SafetyCheck","Packet_HinesHero_Details_Text","Packet_HinesHero_Summary_Text","Packet_HinesHero_NomineePhoto_Text","Packet_HinesHero_NomineePhoto_Image","Packet_HRO_Context_Text","Packet_HRO_Actions_Text","Packet_HRO_Results_Text","Packet_HROPrinciple_Text","Packet_HRO_ClinicalOrNonclinical_Text","Nominee_NameEmail_Text","Nominee_Name_Person","Nominee_SupervisorEmail_Text","Nominee_ServiceLineOrTeam_Text","Submitter_Email_Text","Submitter_Email_Person","Submitter_NameEmail_Text","Packet_RoutingStarted_DateTime","ItemTitle_Text","ItemCreated_DateTime","ID","ItemModifiedLast_ByPerson","ItemModifiedLast_DateTime"
"2025-07-09T18:36:00Z","Debralee.Lutgen@va.gov","Pending: Starfish_Review","None provided","Forward to Starfish Team","Approved","Starfish Award Team (Candice.Kent@va.gov; Sarah.Kraner@va.gov;)","Kyle.Coder@va.gov","2025-07-09T19:25:52Z","pending","<p>pending</p>","pending","pending",,"SharePoint","2025-07-04T19:07:00Z","NO","None provided","YES","Matt is committed to helping all staff, consistently updating communications.","NO","None provided","NO","None provided","YES","None provided","NO","None provided","No","No",,,,,,,,,"None provided",,"Matthew.Moeller@va.gov",,"Macario.Mora@va.gov",,"Debralee.Lutgen@va.gov",,"Lutgen, Debralee P.","2025-07-09T18:36:00Z","Starfish_144","2025-07-09T19:03:35Z","144","Kyle.Coder@va.gov","2025-07-09T19:26:28Z"
"2025-07-09T17:13:00Z","Kyungsun.Lee@va.gov","Pending: Triage_Review","Daisy Award","Triage Outcome: Pending",,"Triage Team (Christina.Conway@va.gov, Tuesday.Majors@va.gov, Candice.Kent@va.gov, Darius.Franche@va.gov, Teneshia.Hudson@va.gov, Kimberley.Richmond@va.gov)",,,,,,,,"Hines","2025-07-09T17:07:00Z","YES","test","NO","None provided","NO","None provided","NO","None provided","NO","None provided","NO","None provided","Yes - Licensed Nurse","No",,,,,,,,,"Preoccupation with Failure",,"Kyungsun.Lee@va.gov",,"Olga.Taylor@va.gov",,"Kyungsun.Lee@va.gov",,"Lee, David Kyungsun","2025-07-09T17:13:00Z","Triage_143","2025-07-09T17:14:36Z","143","Kyle.Coder@va.gov","2025-07-09T17:15:50Z"
"2025-07-09T17:09:00Z","Kyungsun.Lee@va.gov","Pending: Triage_Review","None provided","Triage Outcome: Pending",,"Triage Team (Christina.Conway@va.gov, Tuesday.Majors@va.gov, Candice.Kent@va.gov, Darius.Franche@va.gov, Teneshia.Hudson@va.gov, Kimberley.Richmond@va.gov)",,,,,,,,"hines","2025-07-09T17:07:00Z","YES","TEST","YES","TEST","YES","test","YES","test","NO","None provided","YES","test","No","Unsure",,,,,,,,,"None provided",,"Kyungsun.Lee@va.gov",,"Olga.Taylor@va.gov",,"Kyungsun.Lee@va.gov",,"Lee, David Kyungsun","2025-07-09T17:09:00Z","Triage_142","2025-07-09T17:13:02Z","142","Kyle.Coder@va.gov","2025-07-09T17:14:07Z"
"2025-07-09T16:03:00Z","Tuesday.Majors@va.gov","Pending: Triage_Review","None provided","Triage Outcome: Pending",,"Triage Team (Christina.Conway@va.gov, Tuesday.Majors@va.gov, Candice.Kent@va.gov, Darius.Franche@va.gov, Teneshia.Hudson@va.gov, Kimberley.Richmond@va.gov)",,,,,,,,"QPS Suite","2025-07-08T16:07:00Z","YES","test","YES","test","YES","test","YES","test","YES","test","YES","test","No","Unsure",,,,,,,,,"Sensitivity to Operations, ",,"Olga.Taylor@va.gov",,"Tuesday.Majors@va.gov",,"Tuesday.Majors@va.gov",,"Majors, Tuesday A.","2025-07-09T16:03:00Z","Triage_141","2025-07-09T16:05:36Z","141","Kyle.Coder@va.gov","2025-07-09T16:06:31Z"
"2025-07-09T15:28:00Z","Jeffry.Howerton@va.gov","Pending: Nursing_Review","Hines Hero/Happenings","Forward to Nursing Team",,"None - Triage Complete","Kimberley.Richmond@va.gov","2025-07-09T15:39:14Z","pending","<p>pending</p>","Nursing Team (Teneshia.Hudson@va.gov; Kimberley.Richmond@va.gov;)","pending",,"None provided","2025-07-09T15:07:00Z","NO","None provided","NO","None provided","NO","None provided","NO","None provided","NO","None provided","NO","None provided","Unsure","No",,"test","test",,,,,,"None provided",,"Jeffry.Howerton@va.gov",,"Macario.Mora@va.gov","media services","Jeffry.Howerton@va.gov",,"Howerton, Jeffry M.","2025-07-09T15:28:00Z","Nursing_140","2025-07-09T15:30:29Z","140","Kyle.Coder@va.gov","2025-07-09T15:39:48Z"
"2025-07-07T20:50:00Z","Manuelissa.Capulong@va.gov","Pending: Triage_Review","None provided","Triage Outcome: Pending",,"Triage Team (Christina.Conway@va.gov, Tuesday.Majors@va.gov, Candice.Kent@va.gov, Darius.Franche@va.gov, Teneshia.Hudson@va.gov, Kimberley.Richmond@va.gov)",,,,,,,,"building 1 ","2025-07-02T20:07:00Z","YES","excellent work ethic","YES","Committed to deliver the best app","YES","Advocate for both employees and patients.","YES","Great person to work with , very professional and respectful at all times.","YES","Excellent in executing app.","NO","None provided","No","Unsure",,,,,,,,,"Sensitivity to Operations, ",,"Kyle.Coder@va.gov",,"Bradley.Lomax@va.gov",,"Manuelissa.Capulong@va.gov",,"Capulong, Manuelissa","2025-07-07T20:50:00Z","Triage_139","2025-07-07T20:54:13Z","139","Kyle.Coder@va.gov","2025-07-07T20:55:50Z"
"2025-07-07T20:29:00Z","Kimberley.Richmond@va.gov","Pending: Triage_Review","Nursing Bee Award","Triage Outcome: Pending",,"Triage Team (Christina.Conway@va.gov, Tuesday.Majors@va.gov, Candice.Kent@va.gov, Darius.Franche@va.gov, Teneshia.Hudson@va.gov, Kimberley.Richmond@va.gov)",,,,,,,,"None provided","2025-07-07T20:07:00Z","YES","test","YES","test","NO","None provided","NO","None provided","NO","None provided","NO","None provided","Yes - Unlicensed Nursing Staff","No",,,,,,,,,"None provided",,"Kimberley.Richmond@va.gov",,"teneshia.hudson@va.gov",,"Kimberley.Richmond@va.gov",,"Richmond, Kimberley","2025-07-07T20:29:00Z","Triage_138","2025-07-07T20:30:20Z","138","Kyle.Coder@va.gov","2025-07-07T20:32:02Z"
"2025-07-03T14:40:00Z","Teneshia.Hudson@va.gov","Pending: Nursing_Review","Nursing Daisy/Bee","Forward to Nursing Team",,"None - Triage Complete","Kyle.Coder@va.gov","2025-07-07T13:50:09Z","pending","<p>pending</p>","Nursing Team (Teneshia.Hudson@va.gov; Kimberley.Richmond@va.gov;)","pending",,"Informatics department","2025-07-03T14:07:00Z","YES","He had the ability to gather all team members including nursing to ensure a smooth flow for award nominations","YES","He is committed","YES","He advocates for smooth flows","YES","He has been very respectful","YES","His work is excellent","YES","This is a test nomination","Nursing Staff, but unsure if Licensed or Unlicensed","Yes",,,,,,,,,"Reluctance to Simplify, Deference to Expertise",,"Kyle.Coder@va.gov",,"Bradley.Lomax@va.gov",,"teneshia.hudson@va.gov",,"Hudson, Teneshia","2025-07-03T14:40:00Z","Nursing_137","2025-07-03T14:50:16Z","137","Kyle.Coder@va.gov","2025-07-07T13:50:44Z"
"2025-07-02T20:37:00Z","Kyle.Coder@va.gov","Pending: ReturnToSender_Review","Great Catch","Return to Sender",,"None - Triage Complete","Kyle.Coder@va.gov","2025-07-02T22:06:04Z","pending","<p>pending</p>","ReturnToSender (Kyle.Coder@va.gov;)","pending",,"None provided","2025-06-16T20:37:00Z","NO","None provided","NO","None provided","NO","None provided","NO","None provided","NO","None provided","NO","None provided","Unsure","Yes",,,,,,"HRO Context (testing_KYLE); HRO Context (testing_KYLE); HRO Context (testing_KYLE); HRO Context (testing_KYLE); HRO Context (testing_KYLE); HRO Context (testing_KYLE); HRO Context (testing_KYLE); HRO Context (testing_KYLE); HRO Context (testing_KYLE); ","HRO Actions (testing_KYLE); HRO Actions (testing_KYLE); HRO Actions (testing_KYLE); HRO Actions (testing_KYLE); HRO Actions (testing_KYLE); HRO Actions (testing_KYLE); HRO Actions (testing_KYLE); HRO Actions (testing_KYLE); HRO Actions (testing_KYLE); HRO Actions (testing_KYLE); HRO Actions (testing_KYLE); HRO Actions (testing_KYLE); HRO Actions (testing_KYLE); HRO Actions (testing_KYLE); HRO Actions (testing_KYLE); HRO Actions (testing_KYLE); HRO Actions (testing_KYLE); HRO Actions (testing_KYLE); HRO Actions (testing_KYLE); HRO Actions (testing_KYLE); HRO Actions (testing_KYLE); ","HRO Results (testing_KYLE); HRO Results (testing_KYLE); HRO Results (testing_KYLE); HRO Results (testing_KYLE); ","Sensitivity to Operations, Reluctance to Simplify, Deference to Expertise, ","Clinical","Akeba.Philip-Watkins@va.gov",,"Edward.Working@va.gov",,"Kyle.Coder@va.gov",,"Coder, Kyle J.","2025-07-02T20:37:00Z","ReturnToSender_136","2025-07-02T20:39:06Z","136","Kyle.Coder@va.gov","2025-07-02T22:06:39Z"
"2025-07-02T19:30:00Z","Kyle.Coder@va.gov","Pending: ReturnToSender_Review","Nursing Bee Award","Return to Sender",,"None - Triage Complete","Kyle.Coder@va.gov","2025-07-02T20:19:40Z","pending","<p>pending</p>","ReturnToSender (Kyle.Coder@va.gov;)","pending",,"None provided","2025-06-13T19:07:00Z","YES","INTEGRITY comments on this Nursing Award packet (test_Kyle); INTEGRITY comments on this Nursing Award packet (test_Kyle); INTEGRITY comments on this Nursing Award packet (test_Kyle); INTEGRITY comments on this Nursing Award packet (test_Kyle); INTEGRITY comments on this Nursing Award packet (test_Kyle); INTEGRITY comments on this Nursing Award packet (test_Kyle); INTEGRITY comments on this Nursing Award packet (test_Kyle); INTEGRITY comments on this Nursing Award packet (test_Kyle); INTEGRITY comments on this Nursing Award packet (test_Kyle); INTEGRITY comments on this Nursing Award packet (test_Kyle); ","NO","None provided","NO","None provided","YES","RESPECT comments on this Nursing Award packet (test_Kyle); RESPECT comments on this Nursing Award packet (test_Kyle); RESPECT comments on this Nursing Award packet (test_Kyle); RESPECT comments on this Nursing Award packet (test_Kyle); RESPECT comments on this Nursing Award packet (test_Kyle); RESPECT comments on this Nursing Award packet (test_Kyle); RESPECT comments on this Nursing Award packet (test_Kyle); RESPECT comments on this Nursing Award packet (test_Kyle); RESPECT comments on this Nursing Award packet (test_Kyle); RESPECT comments on this Nursing Award packet (test_Kyle); RESPECT comments on this Nursing Award packet (test_Kyle); RESPECT comments on this Nursing Award packet (test_Kyle); ","NO","None provided","NO","None provided","Yes - Unlicensed Nursing Staff","Unsure",,,,,,,,,"None provided",,"Corey.Winn@va.gov",,"Akeba.Philip-Watkins@va.gov",,"Kyle.Coder@va.gov",,"Coder, Kyle J.","2025-07-02T19:30:00Z","ReturnToSender_135","2025-07-02T19:57:25Z","135","Kyle.Coder@va.gov","2025-07-02T20:20:16Z"
"2025-07-02T19:14:00Z","Kyle.Coder@va.gov","Pending: ReturnToSender_Review","Daisy Award","Return to Sender",,"None - Triage Complete","Kyle.Coder@va.gov","2025-07-02T20:36:25Z","pending","<p>pending</p>","ReturnToSender (Kyle.Coder@va.gov;)","pending",,"Primary Care Team #123 (testing_KYLE)","2025-06-02T19:07:00Z","YES","INTEGRITY comments about this Nursing Award submission packet (testing_KYLE); INTEGRITY comments about this Nursing Award submission packet (testing_KYLE); INTEGRITY comments about this Nursing Award submission packet (testing_KYLE); INTEGRITY comments about this Nursing Award submission packet (testing_KYLE); INTEGRITY comments about this Nursing Award submission packet (testing_KYLE); INTEGRITY comments about this Nursing Award submission packet (testing_KYLE); INTEGRITY comments about this Nursing Award submission packet (testing_KYLE); INTEGRITY comments about this Nursing Award submission packet (testing_KYLE); INTEGRITY comments about this Nursing Award submission packet (testing_KYLE); INTEGRITY comments about this Nursing Award submission packet (testing_KYLE); ","YES","COMMITMENT comments about this Nursing Award submission packet (testing_KYLE); COMMITMENT comments about this Nursing Award submission packet (testing_KYLE); COMMITMENT comments about this Nursing Award submission packet (testing_KYLE); COMMITMENT comments about this Nursing Award submission packet (testing_KYLE); COMMITMENT comments about this Nursing Award submission packet (testing_KYLE); COMMITMENT comments about this Nursing Award submission packet (testing_KYLE); ","NO","None provided","NO","None provided","YES","EXCELLENCE comments about this Nursing Award submission packet (testing_KYLE); EXCELLENCE comments about this Nursing Award submission packet (testing_KYLE); EXCELLENCE comments about this Nursing Award submission packet (testing_KYLE); EXCELLENCE comments about this Nursing Award submission packet (testing_KYLE); EXCELLENCE comments about this Nursing Award submission packet (testing_KYLE); EXCELLENCE comments about this Nursing Award submission packet (testing_KYLE); EXCELLENCE comments about this Nursing Award submission packet (testing_KYLE); EXCELLENCE comments about this Nursing Award submission packet (testing_KYLE); EXCELLENCE comments about this Nursing Award submission packet (testing_KYLE); EXCELLENCE comments about this Nursing Award submission packet (testing_KYLE); ","NO","None provided","Yes - Licensed Nurse","Yes",,,,,,,,,"None provided",,"Jennie.McClain@va.gov",,"Raenita.Mears@va.gov",,"Kyle.Coder@va.gov",,"Coder, Kyle J.","2025-07-02T19:14:00Z","ReturnToSender_134","2025-07-02T19:27:59Z","134","Kyle.Coder@va.gov","2025-07-02T20:37:00Z"
"2025-07-02T19:14:00Z","Kyle.Coder@va.gov","Completed: Nursing_Reject","HRO HeRO","Forward to Nursing Team",,"None - Triage Complete","Christina.Conway@va.gov","2025-07-02T19:34:01Z","Nursing Outcome: Reject","Nursing Comments&#58; ","None - Nursing Team Completed","Nursing Team (Kyle.Coder@va.gov)","2025-07-02T20:36:37Z","Health Informatics Offices (testing_Kyle)","2025-07-02T19:14:00Z","NO","None provided","NO","None provided","NO","None provided","NO","None provided","NO","None provided","YES","ADDITIONAL DETAILS about this HRO HeRO award packet  (testing_Kyle); ADDITIONAL DETAILS about this HRO HeRO award packet  (testing_Kyle); ADDITIONAL DETAILS about this HRO HeRO award packet  (testing_Kyle); ADDITIONAL DETAILS about this HRO HeRO award packet  (testing_Kyle); ADDITIONAL DETAILS about this HRO HeRO award packet  (testing_Kyle); ADDITIONAL DETAILS about this HRO HeRO award packet  (testing_Kyle); ADDITIONAL DETAILS about this HRO HeRO award packet  (testing_Kyle); ADDITIONAL DETAILS about this HRO HeRO award packet  (testing_Kyle); ADDITIONAL DETAILS about this HRO HeRO award packet  (testing_Kyle); ADDITIONAL DETAILS about this HRO HeRO award packet  (testing_Kyle); ADDITIONAL DETAILS about this HRO HeRO award packet  (testing_Kyle); ADDITIONAL DETAILS about this HRO HeRO award packet  (testing_Kyle); ADDITIONAL DETAILS about this HRO HeRO award packet  (testing_Kyle); ADDITIONAL DETAILS about this HRO HeRO award packet  (testing_Kyle); ","Unsure","Yes",,,,,,"CONTEXT about this HRO HeRO award packet  (testing_Kyle); CONTEXT about this HRO HeRO award packet  (testing_Kyle); CONTEXT about this HRO HeRO award packet  (testing_Kyle); CONTEXT about this HRO HeRO award packet  (testing_Kyle); CONTEXT about this HRO HeRO award packet  (testing_Kyle); CONTEXT about this HRO HeRO award packet  (testing_Kyle); CONTEXT about this HRO HeRO award packet  (testing_Kyle); CONTEXT about this HRO HeRO award packet  (testing_Kyle); CONTEXT about this HRO HeRO award packet  (testing_Kyle); CONTEXT about this HRO HeRO award packet  (testing_Kyle); CONTEXT about this HRO HeRO award packet  (testing_Kyle); CONTEXT about this HRO HeRO award packet  (testing_Kyle); CONTEXT about this HRO HeRO award packet  (testing_Kyle); ","ACTIONS about this HRO HeRO award packet  (testing_Kyle); ACTIONS about this HRO HeRO award packet  (testing_Kyle); ACTIONS about this HRO HeRO award packet  (testing_Kyle); ACTIONS about this HRO HeRO award packet  (testing_Kyle); ACTIONS about this HRO HeRO award packet  (testing_Kyle); ACTIONS about this HRO HeRO award packet  (testing_Kyle); ACTIONS about this HRO HeRO award packet  (testing_Kyle); ACTIONS about this HRO HeRO award packet  (testing_Kyle); ACTIONS about this HRO HeRO award packet  (testing_Kyle); ACTIONS about this HRO HeRO award packet  (testing_Kyle); ","RESULTS about this HRO HeRO award packet  (testing_Kyle); RESULTS about this HRO HeRO award packet  (testing_Kyle); RESULTS about this HRO HeRO award packet  (testing_Kyle); RESULTS about this HRO HeRO award packet  (testing_Kyle); RESULTS about this HRO HeRO award packet  (testing_Kyle); RESULTS about this HRO HeRO award packet  (testing_Kyle); RESULTS about this HRO HeRO award packet  (testing_Kyle); RESULTS about this HRO HeRO award packet  (testing_Kyle); RESULTS about this HRO HeRO award packet  (testing_Kyle); RESULTS about this HRO HeRO award packet  (testing_Kyle); RESULTS about this HRO HeRO award packet  (testing_Kyle); RESULTS about this HRO HeRO award packet  (testing_Kyle); ","Preoccupation with Failure, Deference to Expertise, ","Clinical","Matthew.Olson@va.gov",,"Akeba.Philip-Watkins@va.gov",,"Kyle.Coder@va.gov",,"Coder, Kyle J.","2025-07-02T19:14:00Z","Nursing_133","2025-07-02T19:25:15Z","133","Kyle.Coder@va.gov","2025-07-02T20:36:40Z"
"2025-07-02T18:11:00Z","Irena.Persky@va.gov","Pending: Nursing_Review","None provided","Forward to Nursing Team","test - forwarding to nursing team","None - Triage Complete","Kyle.Coder@va.gov","2025-07-02T19:12:15Z","pending","<p>pending</p>","Nursing Team (Teneshia.Hudson@va.gov; Kimberley.Richmond@va.gov;)","pending",,"hospital floor","2025-07-02T18:07:00Z","YES","professional","YES","yes","YES","veteran first","YES","kind","YES","always striving ","NO","None provided","Yes","Unsure",,,,,,,,,"Preoccupation with Failure, Commitment to Resilience, Deference to Expertise, ",,"Julia.Nakashima@va.gov",,"Irena.Persky@va.gov",,"Irena.Persky@va.gov",,"Persky, Irena","2025-07-02T18:11:00Z","Nursing_132","2025-07-02T18:13:46Z","132","Kyle.Coder@va.gov","2025-07-02T19:12:49Z"
"2025-07-02T17:37:00Z","Francisco.Marchese@va.gov","Pending: HRO_Review","HRO HeRO","Forward to HRO Team",,"None - Triage Complete","Tuesday.Majors@va.gov","2025-07-02T17:59:43Z","pending","<p>pending</p>","HRO Team (Tuesday.Majors@va.gov; Manuelissa.Capulong@va.gov; Francisco.Marchese@va.gov;)","pending",,"BLDG 200","2025-07-02T17:37:00Z","NO","None provided","NO","None provided","NO","None provided","NO","None provided","NO","None provided","YES","testing ","Unsure","No",,,,,,"Testing ","Testing","Testing","Sensitivity to Operations, Preoccupation with Failure, ","Non-Clinical","Keizo.Beeck@va.gov",,"Tuesday.Majors@va.gov",,"Francisco.Marchese@va.gov",,"Marchese, Francisco J.","2025-07-02T17:37:00Z","HRO_131","2025-07-02T17:55:43Z","131","Kyle.Coder@va.gov","2025-07-02T18:00:18Z"
"2025-07-02T14:37:00Z","Ara.Zakarian@va.gov","Completed: HRO_Approve","None provided","Forward to HRO Team","It appears to address the ability to simplify.","None - Triage Complete","Teneshia.Hudson@va.gov","2025-07-02T17:55:34Z","HRO Outcome: Approve","HRO Comments&#58; ","None - HRO Team Completed","HRO Team (Manuelissa.Capulong@va.gov)","2025-07-07T20:48:43Z","At the GA VA Medical Center","2025-07-02T14:07:00Z","YES","Kyle worked diligently on an Awards app that met all the needs of the facility and exceeded them! ","YES","Kyle worked ","NO","None provided","NO","None provided","NO","None provided","NO","None provided","No","No",,,,,,,,,"None provided",,"Kyle.Coder@va.gov",,"Bradley.Lomax@va.gov",,"Ara.Zakarian@va.gov",,"Zakarian, Ara A.","2025-07-02T14:37:00Z","HRO_130","2025-07-02T14:44:00Z","130","Kyle.Coder@va.gov","2025-07-07T20:48:46Z"
"2025-07-01T16:29:00Z","Kyle.Coder@va.gov","Pending: Triage_Review","Daisy Award","Triage Outcome: Pending",,"Triage Team (Christina.Conway@va.gov, Tuesday.Majors@va.gov, Candice.Kent@va.gov, Darius.Franche@va.gov, Teneshia.Hudson@va.gov, Kimberley.Richmond@va.gov, & Kyle.Coder@va.gov)",,,,,,,,"location test 6","2025-06-05T18:07:00Z","YES","integrity test 6","YES","commitment test 6","YES","advocacy test 6","YES","respect test 6","YES","excellence test 6","YES","additional comments test 6","Yes - Licensed Nurse","No",,,,,,,,,"Preoccupation with Failure, Reluctance to Simplify, Commitment to Resilience",,"Calvin.Smith@va.gov",,"Loren.Gebo@va.gov",,"Kyle.Coder@va.gov",,"Coder, Kyle J.","2025-07-01T16:29:00Z","Triage_129","2025-07-01T18:38:23Z","129","Kyle.Coder@va.gov","2025-07-01T18:39:23Z"
"2025-07-01T16:29:00Z","Kyle.Coder@va.gov","Pending: Triage_Review","Hines Hero/Happenings","Triage Outcome: Pending",,"Triage Team (Christina.Conway@va.gov, Tuesday.Majors@va.gov, Candice.Kent@va.gov, Darius.Franche@va.gov, Teneshia.Hudson@va.gov, Kimberley.Richmond@va.gov, & Kyle.Coder@va.gov)",,,,,,,,"None provided","2025-07-01T17:07:00Z","NO","None provided","NO","None provided","NO","None provided","NO","None provided","NO","None provided","YES","additional comments - test 5","Yes","No",,"hines hero - test 5","summary - test 5",,,,,,"None provided",,"A'mari.Smith@va.gov",,"Kathleen.Libke@va.gov","service line - test 5","Kyle.Coder@va.gov",,"Coder, Kyle J.","2025-07-01T16:29:00Z","Triage_128","2025-07-01T17:25:27Z","128","Kyle.Coder@va.gov","2025-07-01T17:27:06Z"
"2025-07-01T16:29:00Z","Kyle.Coder@va.gov","Pending: Triage_Review","Safety Story","Triage Outcome: Pending",,"Triage Team (Christina.Conway@va.gov, Tuesday.Majors@va.gov, Candice.Kent@va.gov, Darius.Franche@va.gov, Teneshia.Hudson@va.gov, Kimberley.Richmond@va.gov, & Kyle.Coder@va.gov)",,,,,,,,"location test 3","2025-06-29T16:29:00Z","NO","None provided","NO","None provided","NO","None provided","NO","None provided","NO","None provided","YES","additional comments test 3","Unsure","Unsure",,,,,,"context test 2","actions test 2","results test 2","Preoccupation with Failure, ","Non-Clinical","Matthew.Moeller@va.gov",,"Macario.Mora@va.gov",,"Kyle.Coder@va.gov",,"Coder, Kyle J.","2025-07-01T16:29:00Z","Triage_127","2025-07-01T16:59:48Z","127","Kyle.Coder@va.gov","2025-07-01T17:01:15Z"
"2025-07-01T16:29:00Z","Kyle.Coder@va.gov","Pending: Triage_Review","None provided","Triage Outcome: Pending",,"Triage Team (Christina.Conway@va.gov, Tuesday.Majors@va.gov, Candice.Kent@va.gov, Darius.Franche@va.gov, Teneshia.Hudson@va.gov, Kimberley.Richmond@va.gov, & Kyle.Coder@va.gov)",,,,,,,,"location test 2","2025-06-26T16:07:00Z","YES","Integrity test 1","YES","commitment test 1","YES","advocacy test 1","YES","respect test 1","YES","excellence test 1","YES","additional test 1","No","Yes",,,,,,,,,"None provided",,"Christina.Conway@va.gov",,"James.Doelling@va.gov",,"Kyle.Coder@va.gov",,"Coder, Kyle J.","2025-07-01T16:29:00Z","Triage_126","2025-07-01T16:44:51Z","126","Kyle.Coder@va.gov","2025-07-01T16:46:23Z"
"2025-06-23T12:23:00Z","Kyle.Coder@va.gov","Pending: Triage_Review","Safety Story","Triage Outcome: Pending",,"Triage Team (Christina.Conway@va.gov, Tuesday.Majors@va.gov, Candice.Kent@va.gov, Darius.Franche@va.gov, Teneshia.Hudson@va.gov, Kimberley.Richmond@va.gov, & Kyle.Coder@va.gov)",,,,,,,,"None provided","2025-06-04T04:23:00Z","NO","None provided","NO","None provided","NO","None provided","NO","None provided","NO","None provided","NO","None provided","Unsure","No",,,,,,"Safety Story Context","Safety Story Actions","Safety Story Results","Sensitivity to Operations, Preoccupation with Failure, Reluctance to Simplify, Commitment to Resilience, Deference to Expertise, ","Non-Clinical","Dakota.Smith1@va.gov",,"Jude.Lopez@va.gov",,"Kyle.Coder@va.gov",,"Coder, Kyle J.","2025-06-23T12:23:00Z","Triage_125","2025-06-23T19:19:27Z","125","Kyle.Coder@va.gov","2025-06-23T19:20:16Z"
"2025-06-20T19:11:00Z","Kyle.Coder@va.gov","Pending: Triage_Review","HRO HeRO","Triage Outcome: Pending",,"Triage Team (Christina.Conway@va.gov, Tuesday.Majors@va.gov, Candice.Kent@va.gov, Darius.Franche@va.gov, Teneshia.Hudson@va.gov, Kimberley.Richmond@va.gov, & Kyle.Coder@va.gov)",,,,,,,,"Location - HRO HeRO ","2025-06-12T16:10:00Z","NO","None provided","NO","None provided","NO","None provided","NO","None provided","NO","None provided","YES","HRO HeRO - AdditionalComments HRO HeRO - AdditionalComments HRO HeRO - AdditionalComments HRO HeRO - AdditionalComments HRO HeRO - AdditionalComments HRO HeRO - AdditionalComments HRO HeRO - AdditionalComments HRO HeRO - AdditionalComments HRO HeRO - AdditionalComments HRO HeRO - AdditionalComments HRO HeRO - AdditionalComments HRO HeRO - AdditionalComments HRO HeRO - AdditionalComments HRO HeRO - AdditionalComments HRO HeRO - AdditionalComments HRO HeRO - AdditionalComments HRO HeRO - AdditionalComments HRO HeRO - AdditionalComments ","Yes","Yes",,,,,,"HRO HeRO - Context HRO HeRO - Context HRO HeRO - Context HRO HeRO - Context HRO HeRO - Context HRO HeRO - Context HRO HeRO - Context HRO HeRO - Context HRO HeRO - Context HRO HeRO - Context HRO HeRO - Context HRO HeRO - Context HRO HeRO - Context HRO HeRO - Context HRO HeRO - Context HRO HeRO - Context HRO HeRO - Context HRO HeRO - Context ","HRO HeRO - Actions HRO HeRO - Actions HRO HeRO - Actions HRO HeRO - Actions HRO HeRO - Actions HRO HeRO - Actions HRO HeRO - Actions HRO HeRO - Actions HRO HeRO - Actions HRO HeRO - Actions HRO HeRO - Actions HRO HeRO - Actions HRO HeRO - Actions HRO HeRO - Actions HRO HeRO - Actions HRO HeRO - Actions HRO HeRO - Actions HRO HeRO - Actions HRO HeRO - Actions HRO HeRO - Actions HRO HeRO - Actions HRO HeRO - Actions ","HRO HeRO - Results HRO HeRO - Results HRO HeRO - Results HRO HeRO - Results HRO HeRO - Results HRO HeRO - Results HRO HeRO - Results HRO HeRO - Results HRO HeRO - Results HRO HeRO - Results HRO HeRO - Results HRO HeRO - Results HRO HeRO - Results HRO HeRO - Results HRO HeRO - Results HRO HeRO - Results HRO HeRO - Results HRO HeRO - Results HRO HeRO - Results HRO HeRO - Results HRO HeRO - Results HRO HeRO - Results ","Preoccupation with Failure, ","Non-Clinical","Caitlyn.Smith2@va.gov",,"Tami.Arviso@va.gov",,"Kyle.Coder@va.gov",,"Coder, Kyle J.","2025-06-20T19:11:00Z","Triage_124","2025-06-20T19:13:00Z","124","Kyle.Coder@va.gov","2025-06-20T19:14:38Z"
"2025-06-20T12:13:00Z","Kyle.Coder@va.gov","Pending: Triage_Review","Safety Story","Triage Outcome: Pending",,"Triage Team (Christina.Conway@va.gov, Tuesday.Majors@va.gov, Candice.Kent@va.gov, Darius.Franche@va.gov, Teneshia.Hudson@va.gov, Kimberley.Richmond@va.gov, & Kyle.Coder@va.gov)",,,,,,,,"Test Location 2","2025-06-12T04:30:00Z","NO","None provided","NO","None provided","NO","None provided","NO","None provided","NO","None provided","YES","Safety Story Additional Comments Safety Story Additional Comments Safety Story Additional Comments Safety Story Additional Comments Safety Story Additional Comments Safety Story Additional Comments Safety Story Additional Comments Safety Story Additional Comments Safety Story Additional Comments Safety Story Additional Comments Safety Story Additional Comments Safety Story Additional Comments Safety Story Additional Comments Safety Story Additional Comments Safety Story Additional Comments Safety Story Additional Comments Safety Story Additional Comments Safety Story Additional Comments Safety Story Additional Comments ","Unsure","Yes",,,,,,"Safety Story Context Safety Story Context Safety Story Context Safety Story Context Safety Story Context Safety Story Context Safety Story Context Safety Story Context Safety Story Context Safety Story Context Safety Story Context Safety Story Context Safety Story Context Safety Story Context Safety Story Context Safety Story Context Safety Story Context Safety Story Context Safety Story Context Safety Story Context Safety Story Context ","Safety Story Actions Safety Story Actions Safety Story Actions Safety Story Actions Safety Story Actions Safety Story Actions Safety Story Actions Safety Story Actions Safety Story Actions Safety Story Actions Safety Story Actions Safety Story Actions Safety Story Actions Safety Story Actions Safety Story Actions Safety Story Actions Safety Story Actions Safety Story Actions Safety Story Actions ","Safety Story Results Safety Story Results Safety Story Results Safety Story Results Safety Story Results Safety Story Results Safety Story Results Safety Story Results Safety Story Results Safety Story Results Safety Story Results Safety Story Results Safety Story Results Safety Story Results Safety Story Results Safety Story Results Safety Story Results Safety Story Results Safety Story Results ","Commitment to Resilience, Deference to Expertise, ","Non-Clinical","Bailey.Smith4@va.gov",,"Mario.Rodriguez4@va.gov",,"Kyle.Coder@va.gov",,"Coder, Kyle J.","2025-06-20T12:13:00Z","Triage_123","2025-06-20T16:49:35Z","123","Kyle.Coder@va.gov","2025-06-20T16:50:42Z"
"2025-06-20T12:13:00Z","Kyle.Coder@va.gov","Pending: HRO_Review","None provided","Forward to HRO Team","Markdown table in Triage approval is not formatting correctly. Shows information, but not displaying as a table","None - Triage Complete","Kyle.Coder@va.gov","2025-06-20T16:52:15Z","pending","<p>pending</p>","HRO Team (Tuesday.Majors@va.gov; Manuelissa.Capulong@va.gov; Francisco.Marchese@va.gov; Kyle.Coder@va.gov)","pending",,"Test Location","2025-06-10T10:05:00Z","YES","Test Integrity Test Integrity Test Integrity Test Integrity Test Integrity Test Integrity Test Integrity Test Integrity Test Integrity Test Integrity Test Integrity Test Integrity Test Integrity Test Integrity Test Integrity Test Integrity Test Integrity Test Integrity Test Integrity Test Integrity Test Integrity Test Integrity ","YES","Test Commitment Test Commitment Test Commitment Test Commitment Test Commitment Test Commitment Test Commitment Test Commitment Test Commitment Test Commitment Test Commitment Test Commitment Test Commitment Test Commitment Test Commitment Test Commitment Test Commitment Test Commitment Test Commitment Test Commitment Test Commitment Test Commitment ","YES","Test Advocacy Test Advocacy Test Advocacy Test Advocacy Test Advocacy Test Advocacy Test Advocacy Test Advocacy Test Advocacy Test Advocacy Test Advocacy Test Advocacy Test Advocacy Test Advocacy Test Advocacy Test Advocacy Test Advocacy Test Advocacy Test Advocacy Test Advocacy Test Advocacy Test Advocacy Test Advocacy Test Advocacy ","YES","Test Respect Test Respect Test Respect Test Respect Test Respect Test Respect Test Respect Test Respect Test Respect Test Respect Test Respect Test Respect Test Respect Test Respect Test Respect Test Respect Test Respect Test Respect Test Respect Test Respect Test Respect Test Respect Test Respect Test Respect Test Respect Test Respect Test Respect ","YES","Test Excellence Test Excellence Test Excellence Test Excellence Test Excellence Test Excellence Test Excellence Test Excellence Test Excellence Test Excellence Test Excellence Test Excellence Test Excellence Test Excellence Test Excellence Test Excellence Test Excellence Test Excellence Test Excellence Test Excellence Test Excellence Test Excellence Test Excellence Test Excellence Test Excellence Test Excellence Test Excellence Test Excellence Test Excellence Test Excellence ","YES","Test AdditionalComments Test AdditionalComments Test AdditionalComments Test AdditionalComments Test AdditionalComments Test AdditionalComments Test AdditionalComments Test AdditionalComments Test AdditionalComments Test AdditionalComments Test AdditionalComments Test AdditionalComments Test AdditionalComments Test AdditionalComments Test AdditionalComments Test AdditionalComments Test AdditionalComments Test AdditionalComments Test AdditionalComments Test AdditionalComments Test AdditionalComments Test AdditionalComments Test AdditionalComments ","Unsure","Yes",,,,,,,,,"Preoccupation with Failure, Commitment to Resilience, ",,"Aaron.Smith1db640@va.gov",,"Amber.Mesoras@va.gov",,"Kyle.Coder@va.gov",,"Coder, Kyle J.","2025-06-20T12:13:00Z","HRO_122","2025-06-20T13:27:30Z","122","Kyle.Coder@va.gov","2025-06-20T16:52:49Z"
